,País,Region,Location,Magnitud,Clasificación,Daños Económicos,Fecha
0,Mexico,Americas,"Distrito Federal, Mexico city, Michoacan provinces",122621.0,Hydrological,16000.0,2010-01-26
1,Portugal,Europe,Funchal district (Ilha Da Madera province),483.0,Hydrological,1350000.0,2010-02-20
2,Australia,Oceania,"Charleville town (Murweh district, Queensland province), Roma town (Maranoa district, Queensland province), Thallon, Bollon, Dirranbandi towns (Balonne district, Queensland province), Brisbane district (Queensland province),",431681.0,Hydrological,109000.0,2010-02-28
3,Colombia,Americas,"Sucre, Bolivar, Cordoba, Antioquia, Atlantico, Narino, Valle del Cauca, Magdalena, Caqueta, Cesar, Cauca, Boyaca, Cundinamarca, Santander, Choco, Caldas, Guajira, Tolima, Huila, Risaralda, Meta, Putumayo, Quindio, Arauca, Casanare, Amazonas, Guaviare provinces",1140146.0,Hydrological,1000000.0,2010-04-06
4,Sri Lanka,Asia,"Galle, Matara districts (Southern province), Ratnapura district (Sabaragamuwa province), Anuradhapura district (North Central province), Nuwara Eliya district (Central province), Mannar, Jaffna districts (Northern province), Trincomalee district (Eastern province), Western, North Western provinces",19210.0,Hydrological,105000.0,2010-05-14
5,France,Europe,"Draguignan, Les Arcs, Figanières, Roquebrune sur Argens, Luo, Muy, Trans cities (Var distric, Provence-Alpes-Cote-d'Azur province)",7700.0,Hydrological,1500000.0,2010-06-15
6,Ukraine,Europe,"Zastavnytskyi, Kitsmanivsky, Glybotskyi, Putivoskyi, Gerysaivskyi, Khotynskyi Vyzhntskyi, Novoselytskyi, Storozhynetskyi districts, city of Chernivtsy (Chemivtsy province); Bogordchanskiy, Verhovinkiy, Galytskyi, Dolinskiy, Kaluzkyi, Kosivsiy, Kolomyyskiy, Naddvimyanskiy, Rozhnyativskyi, Snyaltynskiy, Rozhnyativskiy, Tusmenytskyi, Tlumatskiy, Ivano-Frankivsk, Kalush, Yaremcha districts (Ivano-Frankivsk province)",34500.0,Hydrological,1900.0,2010-06-27
7,India,Asia,"Ambala, Kurukshetra districts (Haryana province), Punjab, Kerala provinces",147437.0,Hydrological,447000.0,2010-07-05
8,Burkina Faso,Africa,"Gnagna district (Est province), Namentenga, Sanmatenga districts (Centre-nord province), Soum, Seno, Oudalan, Yagha districts (Sahel province), Houet, Tuy districts (Hauts-bassins province), Ganzourgou district (Plateau Central province), Bougouriba, Poni districts (Sud-ouest province), Yatenga district (Nord province), Banwa district (Boucle Du Mouhoun province)",160800.0,Hydrological,176.0,2010-07-21
9,Pakistan,Asia,"Barkhan, Bolan, Kohlu, Nasirabad, Sibi districts (Balochistan province), Mohmand Agency, Khyber Agency (Federally Administered Tribal Areas), Bannu, Batagram, Charsadda, D. I. Khan, Kohat, Kohistan, Lakki Marwat, Lower Dir, Mansehra, Nowshera, Peshawar, Shangla, Swat, Tank districts (North-West Frontier province), Khushab, Layyah, Mianwali, Muzaffargarh, Rajanpur districts (Punjab province), Bagh, Gilgit-Baltistan, Mirpur, Muzaffarabad districts (Jammu and Kashmir province), Sindh province",160000.0,Hydrological,9500000.0,2010-07-28
10,India,Asia,"Almora, Naini Tal districts (Uttarakhand province), Bihar, Uttar Pradesh provinces",38537.0,Hydrological,1680000.0,2010-09-18
11,Nigeria,Africa,"Jigawa, Sokoto, Kebbi, Niger, Katsina provinces",8694.0,Hydrological,30000.0,2010-09-13
12,Thailand,Asia,"Chainat, Singburi, Ang Thong, Suphanburi, Phra Nakhon Si Ayudhya, Lopburi, Nakhon Sawan, Saraburi, Nakhon Nayok, Nonthaburi, Pathum Thani, Nakhon Pathom, Uthai Thani, Samut Prakarn, Chaiyaphum, Si Saket, Surin, Buriram, Khon Kaen, Kalasin, Maha Sarakham, Ubon Ratchathani, Nong Bua Lamphu, Nakhon Ratchasima, Roi Et, Songkhla, Satun, Trang, Narathiwat, Pattani, Phatthalung, Yala, Surat Thani, Nakhon Si Thammarat, Krabi, Chumphon, Ranong provinces",3873.0,Hydrological,332000.0,2010-10-10
13,Viet Nam,Asia,"Ninh Thuan, Khanh Hoa, Phu Yen, Binh Dinh, Quang Ngai, Dak Lak provinces",33659.0,Hydrological,107700.0,2010-10-29
14,Viet Nam,Asia,"Thua Thien-Hue, Quang Ngai, Quang Nam provinces",45583.59,Hydrological,256000.0,2010-11-12
15,Belgium,Europe,"Region de Bruxelles-Capitale, Vlaams Gewest, Region wallonne provinces",8458.0,Hydrological,238146.0,2010-11-11
16,Morocco,Africa,"Tiflet area (Khémisset district, Rabat - Salé - Zemmour - Zaer province), Al Hoceima area (Al Hoceïma district, Taza - Al Hoceima - Tatounate province), Khenifra area (Khénifra district, Meknès - Tafilalet province), Ouezzane area (Sidi Kacem district, Gharb - Chrarda - Béni Hssen province), Bouznika area (Ben Slimane district, Chaouia - Ouardigha province), Ouarzazate, Zagora districts (Souss - Massa - Draâ province), Salé, Rabat districts (Rabat - Salé - Zemmour - Zaer province), Casablanca district (Grand Casablanca province)",180760.0,Hydrological,29000.0,2010-11-25
17,Venezuela (Bolivarian Republic of),Americas,"Distrito Capital, Falcon, Merida, Miranda, Nueva Esparta, Trujillo, Vargas, Zulia provinces",180760.0,Hydrological,170000.0,2010-11-25
18,India,Asia,"Chennai, Cuddalore, Nagapattinam, Pudukottai, Ramanthapuram, Thanjavur, Thiruvallur, Villupuram, Thoothukudi, Tirunelveli Kattabo districts (Tamil Nadu province)",57474.0,Hydrological,22000.0,2010-11-15
19,Australia,Oceania,"New South Wales, Queensland, Victoria provinces",911256.0,Hydrological,7300000.0,2010-12-25
20,Philippines,Asia,"Palawan district (Region IV province), Albay, Sorsogon, Catanduanes districts (Region V province), Bohol, Cebu districts (Region VII (Central Visayas) province), Eastern Samar, Leyte, Samar, Northern Samar, Southern Leyte districts (Region VIII province), Camiguin, Lanao del Norte districts (Region X (Northern Mindanao) province), Compostela, Davao Oriental, Davao del Norte, Davao del Sur districts (Region XI (Davao region) province), South Cobato district (Region XII province), Agusan del Norte, Agusan del Sur, Surigao del Norte, Surigao del Sur districts (Region XIII (Caraga) province), Maguindanao district (ARMM province)",10773.0,Hydrological,47411.0,2010-12-24
21,Brazil,Americas,"Nova Friburgo, Petropolis, Teresopolis districts (Rio De Janeiro province)",587384.0,Hydrological,1000000.0,2011-01-11
22,Philippines,Asia,"Southern Leyte district (Region VIII (Eastern Visayas) province), Camiguin, Misamis Occidental, Misamis Oriental districts (Region X (Northern Mindanao) province), Compostela, Davao Oriental districts (Region XI (Davao region) province), Agusan del Norte, Agusan del Sur, Dinagat, Surigao del Norte, Surigao del Sur districts (Region XIII (Caraga) province), Masbate district (Region V (Bicol region) province), Sulu district (ARMM province)",3623.0,Hydrological,12411.0,2011-01-25
23,Saudi Arabia,Asia,Jeddah city (Makkah province),30361.0,Hydrological,300000.0,2011-01-25
24,Sri Lanka,Asia,"Vavuniya district (Northern province), Central, Eastern, North Central, Sabaragamuwa, Uva provinces",22133.0,Hydrological,200000.0,2011-01-05
25,Bolivia (Plurinational State of),Americas,"Beni, Chuquisaca, Cochabamba, La Paz provinces",122139.0,Hydrological,20000.0,2011-02-14
26,Sri Lanka,Asia,"Central, Northern, North Central, Eastern, Uva provinces ",19891.0,Hydrological,300000.0,2011-02-01
27,Namibia,Africa,"Kunene, Oshana, Oshikoto, Omusati, Ohangwena, Kavango, Caprivi provinces",102874.0,Hydrological,12000.0,2011-03-01
28,Thailand,Asia,"Nakhon Si Thammarat, Phatthalung, Surat Thani, Trang, Chumphon, Songkhla, Krabi, Phangnga provinces",33575.0,Hydrological,317000.0,2011-03-23
29,Philippines,Asia,"Bohol district (Central Visayas province), Biliran, Eastern Samar, Leyte, Northern Samar, Samar, Southern Leyte districts (Eastern Visayas province), Lanao del Norte, Misamis Oriental districts (Northern Mindanao province), South Cotabato district (Soccsksargen province), Surigao Del Sur district (Caraga province)",25963.0,Hydrological,280.0,2011-03-14
30,South Africa,Africa,"Buffalo City, Amathole, Joe Gqabi, O.R. Tambo, Alfred Nzo, Chris Hani districts (Eastern Cape province), Fezile Dabi, Thabo Mofutsanyane, Xhariep districts (Free State province), City of Johannesburg, Ekurhuleni, Sedibeng, West Rand districts (Gauteng province), Amajuba, eThekwini, iLembe, Sisonke, Ugu, Uthukela districts (KwaZulu-Natal province), Mopani, Sekhukhune, Vhembe, Waterberg districts (Limpopo province), Ehlanzeni, Nkangala districts (Mpumalanga province), Frances Baard, Namakwa, Pixley ka Seme, Siyanda districts (Northern Cape province), North West province",124636.0,Hydrological,211000.0,2011-01-01
31,Kazakhstan,Asia,"Oural city (Zelyenov district, Zapadno-kazachstanskaya province), Akzhaiyk, Burly, Kaztalov, Shyngyrlau, Taskala, Terekty districts (Zapadno-kazachstanskaya province)",213195.0,Hydrological,67000.0,2011-04-09
32,Philippines,Asia,"Bukidnon district (Region X province), Compostela, Davao Del Sur districts (Region XI province), North Cotabato, Sultan Kudarat districts (Region XII province), Maguindanao district (ARMM province)",71700.0,Hydrological,10666.0,2011-05-31
33,China,Asia,"Jiangsu Sheng, Anchui Sheng, Jiangxi Sheng, Hunan Sheng, Guangdong Sheng, Sichuan Sheng, Yunnan Sheng, Xizang Zizhiqu provinces",1341347.0,Hydrological,54130.0,2011-07-11
34,Philippines,Asia,"Davao City area (Davao Del Sur district, Region XI (Davao Region) province), Cotabato City area (Shariff Kabunsuan district, Autonomous region in Muslim Mindanao (ARMM) province), Metropolitan Manila district (National Capital region (NCR) province), Bulacan, Pampanga, Bataan, Tarlac, Zambales districts (Region III (Central Luzon) province), Batangas district (Region IV-A (Calabarzon) province), Albay district (Region V (Bicol) province), La Union, Pangasinan districts (Region I (Ilocos Region) province), Region X (Northern Mindanao), Region XII (Soccsksargen) provinces",6361.0,Hydrological,251.0,2011-06-28
35,China,Asia,"Kaihua Xian, Changshan Xian areas (Quzhou district, Zhejiang Sheng province), Xianning, Wuhan districts (Hubei Sheng province), Shangrao district (Jiangxi Sheng province), Huangshan district (Anhui Sheng province), Yueyang districts (Hunan Sheng province), Sichuan Sheng, Chongqing Shi, Guizhou Sheng provinces",431896.0,Hydrological,6400000.0,2011-06-01
36,Thailand,Asia,"Phrae, Mae Hong Son, Sukhothai, Chiang Mai, Tak, Nakhon Pathom, Roi Et, Phichit, Udon Thani, Sakon Nakhon, Uttaradit, Phitsanulok, Kampaeng Phet, Nakhon Sawan, Phetchabun, Nakhon Nayok, Phra Nakhon Si Ayudhya, Kalasin, Ubon Ratchathani, Uthai Thani, Chainat, Singburi, Ang Thong, Lopburi, Saraburi, Suphanburi, Pathum Thani, Nonthaburi, Khon Kaen, Si Saket, Surin, Chachoengsao, Phachinburi, Maha Sarakham, Samut Sakhon provinces",96785.0,Hydrological,40000000.0,2011-08-05
37,India,Asia,West Bengal province,28684.0,Hydrological,275000.0,2011-08-10
38,Pakistan,Asia,"Badin, Dadu, Ghotki, Hyderabad, Jacobabad, Karachi Central, Karachi East, Karachi South, Karachi West, Khaipur, Larkana, Malir, Mirpur Khas, Naushahro Feroze, Nawabshah, Sanghar, Shikarpur, Sukkur, Tharparkar, Thatta, Umer Kot districts (Sindh province)",32667.0,Hydrological,2500000.0,2011-08-12
39,Cambodia,Asia,"Kandal, Kampong Thom, Prey Veng, Kampong Cham, Kratie, Battambang, Kampong Chhnang, Preah Vihear, Pursat provinces",13466.0,Hydrological,521000.0,2011-08-10
40,India,Asia,"Angul, Baleshwar, Baragarh, Bhadrak, Boudh, Cuttack, Deogarh, Dhenkanal, Jajpur, Jagatsinghpur, Jharsuguda, Kendrapara, Khordha, Mayurbhanj, Nayagarh, Nuapada, Puri, Sambalpur districts (Orissa province)",27751.0,Hydrological,930000.0,2011-09-23
41,Colombia,Americas,"Valle del Cauca, Norte de Santander, Santander, Antioquia, Boyaca, Caldas, Casanare, Choco, Tolima, Quindio, Huila, Cauca, Meta, Magdalena, Sucre, Cesar, Cordoba, Risaralda, Atlantico, Guajira, Bolivar, Cundinamarca, Narino, Caqueta, San Andres y Providencia, Putumayo, Guaviare provinces",57194.0,Hydrological,1290000.0,2011-09-01
42,Algeria,Africa,El Bayadh province,288785.0,Hydrological,779000.0,2011-10-01
43,Republic of Korea,Asia,"Chuncheon city (Kang-won-do province), Seoul, Kyonggi-do provinces",17840.0,Hydrological,52000.0,2011-07-27
44,Philippines,Asia,"Carmen, Braulio E. Dujali areas (Davao del Norte district, Region XI province)",3076.0,Hydrological,178881.0,2011-11-09
45,Australia,Oceania,"New South Wales, Queensland provinces",761154.0,Hydrological,225000.0,2012-01-22
46,Bulgaria,Europe,"Haskovo, Kardzhali provinces ; Galabovo district (Stara Zagora province), Svilengrad district (Haskovo province) ; Bisser village, Harmanli city (Harmanli district, Harmanli province), Nedelino city (Nedelino district, Smoljan province)",47136.84,Hydrological,4400.0,2012-02-01
47,Canada,Americas,"Perth-Andover village (Victoria district, New Brunswick province)",544053.0,Hydrological,34000.0,2012-03-25
48,Chile,Americas,"Magallanes y Antartica chilena, Arica-Parinacota, Tarapaca provinces",88870.6,Hydrological,3100.0,2012-03-01
49,China,Asia,"Longnan, Dingxi, Tianshui, Jiuquan, Linxia Hui districts (Gansu Sheng province), Changsha, Zhuzhou, Shaoyang districts (Hunan Sheng province)",105607.0,Hydrological,316333.0,2012-05-08
50,Georgia,Asia,"Tbilissi district (Tbilisi province), Ducheti, Mtskheta districts (Mtskheta-Mtianeti province), Akhmeta, Gurdjaani, Lagodekhi districts (Kakheti province)",15849.0,Hydrological,3000.0,2012-05-12
51,Kenya,Africa,"Kitengela, Athi River areas (Machakos district, Eastern province), Ngong town (Kajiado district, Rift Valley province), Bura, Garsen, Bangale areas (Tana River district, Coast province), Homa Bay, Kisumu, Suba, Nyando, Rachuonyo, Migori districts (Nyanza province), Busia district (Western province), Thika district (Central province), Nakuru district (Rift Valley province), Malindi district (Coast province)",12660.17,Hydrological,100000.0,2012-04-20
52,China,Asia,"Nei Mongol Zizhiqu, Zheijiang Sheng, Fujian Sheng, Jiangxi Sheng, Hubei Sheng, Hunan Sheng, Guangdong Sheng, Guangxi Zhuangzu Zizhiqu, Chongqing Shi, Sichuan Sheng, Guizhou Sheng, Shaanxi Sheng, Shandong Sheng provinces",2643786.0,Hydrological,1200000.0,2012-06-22
53,United States of America,Americas,"Bay, Calhoun, Escambia, Franklin, Gadsden, Gulf, Holmes, Jackson, Jefferson, Leon, Liberty, Madison, Okaloosa, Santa Rosa, Taylor, Wakulla, Walton, Washington districts (Florida province), Alabama, Mississippi, Louisiana provinces",20116.0,Hydrological,174000.0,2012-06-09
54,Taiwan (Province of China),Asia,Taiwan Sheng province,18940.0,Hydrological,16900.0,2012-06-09
55,Brazil,Americas,"Alvaraes, Amatura, Anama, Anori, Autazes, Barcelos, Barreirinha, Benjamin Costant, Beruri, Careiro, Careiro Da Varzea, Coari, Codajas, Fonte Boa, Iranduba, Itacoatiara, Itapiranga, Jurua, Jutai, Manacapuru, Manaquiri, Manaus, Maraa, Nhamunda, Novo Airao, Parintins, Santa Isabel Do Rio Negro, Santo Antonio Do Ica, Sao Gabriel Da Cachoeira, Sao Paulo De Olivenca, Silves, Tabatinga, Tefe, Tonantins, Uarini, Urucara, Urucurituba districts (Amazonas province)",127883.0,Hydrological,171000.0,2012-05-01
56,Nepal,Asia,"Kaski area (Gandaki district, Western province)",4395.0,Hydrological,1000.0,2012-05-05
57,Colombia,Americas,Soacha district (Cundinamarca province),74036.0,Hydrological,40000.0,2012-04-20
58,Senegal,Africa,"Touba city (Ndame area, Mbacke district, Diourbel province), Diaoulé village (Diakhao area, Fatick district, Fatick province), Dakar province",79242.0,Hydrological,10000.0,2012-08-15
59,India,Asia,"Palchan village (Kullu district, Himachal Pradesh province), Uttarkashi, Rudra Prayag, Chamoli districts (Uttarakhand province), Moradabad district (Uttar Pradesh province), Kathua village (72780 district, Jammu and Kashmir province)",31390.0,Hydrological,110000.0,2012-08-04
60,Viet Nam,Asia,"Ninh Binh, Ha Tinh, Thanh Hoa, Nghe An provinces",24179.0,Hydrological,30000.0,2012-09-02
61,India,Asia,"Rudra Prayag, Bageshwar districts (Uttarakhand province)",37710.0,Hydrological,20000.0,2012-09-16
62,India,Asia,"Barpeta, Bongaigaon, Darrang, Dhemaji, Dhuburi, Dibrugarh, Goalpara, Golaghat, Jorhat, Kamrup, Lakhimpur, Marigaon, Nagaon, Nalbari, Papum Pare, Sibsagar, Sonitpur, Tinsukia districts (Assam province), Bhagalpur, Darbhanga, Katihar, Khagaria, Muzaffarpur, Patna, Siwan, Supaul districts (Bihar province), Sahibganj district (Jharkhand province), North Sikkim district (Sikkim province), Ballia, Bara Banki, Faizabad districts (Uttar Pradesh province), Murshidabad district (West Bengal province), West Siang, East Siang, Lohit, Papum Pare districts (Arunachal Pradesh province)",42597.0,Hydrological,98000.0,2012-09-19
63,United Kingdom of Great Britain and Northern Ireland,Europe,"Morpeth, Newburn, Cheshire, Rothbury, Gilling west villages (Northumberland district) (England province) ; North Yorkshire district (England province)",8507.0,Hydrological,81000.0,2012-09-23
64,South Africa,Africa,"Bathurst, Port Alfred, Kenton-on-Sea towns (Ndlambe area, Cacadu district, Eastern Cape province), Grahamstown town (Makana area, Cacadu district, Eastern Cape province)",14489.0,Hydrological,200000.0,2012-10-24
65,China,Asia,"Wuhan, Huangshi districts (Hubei Sheng province)",92141.0,Hydrological,600000.0,2012-07-09
66,Sri Lanka,Asia,"Matale, Kandy, Nuwara Eliya districts (Central province), Batticaloa district (Eastern province), Polonnaruwa, Kurunegala districts (North Central province), Galle, Hambantota districts (Southern province), Badulla, Moneragala districts (Uva province)",49084.0,Hydrological,1200.0,2012-12-17
67,Indonesia,Asia,Dki Jakarta province,1746.0,Hydrological,3000000.0,2013-01-17
68,Indonesia,Asia,"Kota Manado, Kepulauan-sangihe districts (Sulawesi Utara province), Rokanhulu district (Riau province)",28873.67,Hydrological,2000.0,2013-02-15
69,Mauritius,Africa,Port Louis province,1679.67,Hydrological,2000.0,2013-03-30
70,Argentina,Americas,"Buenos Aires city (Buenos Aires D.f. province), La Plata city (La Plata district, Buenos Aires province)",18135.4,Hydrological,1300000.0,2013-04-01
71,Kenya,Africa,"Naivasha town (Nakuru district, Rift Valley province), Turkana, West Pokot, Baringo, Marakwet, Keiyo districts (Rift Valley province), Kisumu district (Nyanza province), Muranga, Nyeri, Kiambu districts (Central province), Coast, Western provinces",73170.41,Hydrological,36000.0,2013-03-10
72,Canada,Americas,"Calgary city (Division No. 6 district, Southern Alberta province)",307926.0,Hydrological,5700000.0,2013-06-20
73,India,Asia,"Uttarakhand, Himachal Pradesh, Uttar Pradesh, Bihar, Karnataka, Kerala, Gujarat, West Bengal provinces",131743.41,Hydrological,1100000.0,2013-06-12
74,China,Asia,"Guangdong Sheng, Jiangxi Sheng, Hubei Sheng, Sichuan Sheng, Guizhou Sheng provinces",84761.74,Hydrological,661000.0,2013-05-12
75,Germany,Europe,"Gera, Greiz, Saale-Holzland, Altenburger cities (Thueringen province), Magdeburg city (Sachsen-Anhalt province), Wurzburg, Regensburg cities (Oberpfalz distric), Passau city (Niederbayern distric), Rosenheim city (Oberbayern distric) (Bayern province), Grimma city (Sachsen province) ; Brandenburg, Baden-Wurttemberg province",241203.7,Hydrological,12900000.0,2013-05-28
76,China,Asia,"Dujiangyan Shi area (Chengdu district, Sichuan Sheng province), Wenchuan Xian area (Ngawa Tibetan and Qiang district, Sichuan Sheng province), Beichuan Xian area (Mianyang district, Sichuan Sheng province)",419827.15,Hydrological,4621600.0,2013-07-07
77,China,Asia,"Qinghai Sheng, Nei Mongol Zizhiqu provinces",93531.74,Hydrological,457000.0,2013-08-18
78,Philippines,Asia,"Region III (Central Luzon) province (Pampanga district (Lubao, Floridablanca, Minalin areas), Bulacan district (Meycauayan area), Nueva Ecija district (Mariveles, Bataan, Malolos City, Carranglan areas), Zambales district (Olongapo area), Tarlac, Bataan districts), Region IV-A (Calabarzon) province (Rizal district (Teresa, Binangonan areas), Cavite district (Imus, Bacoor, Kawit, Noveleta, Tanza areas), Quezon district (Sariaya area), Laguna district), Region IV province (Mindoro Occidental district), National Capital region (NCR) province (Metropolitan Manila district (Las Pinas, Caloocan, Valenzuela, Navotas, Malabon areas)), Region I (Ilocos region) province (Pagasinan district), Cordillera Administrative region (CAR) province (Mountain Province district (Bontoc, Sagada areas), Benguet district (Tuba area), Abra district)",50412.4,Hydrological,2190000.0,2013-08-13
79,Pakistan,Asia,"Bolan District, Jaffarabad District, Jhal Magsi District, Kalat District, Kech District, Khuzdar District, Lasbela District, Loralai District, Mastung District, Nasirabad District, Quetta District, Sibi District districts (Balochistan province), Chitral District (North-West Frontier province), Bahawalpur District, Chakwal District, Dera Ghazi Khan District, Gujranwala District, Jhang District, Kasur District, Khanewal District, Layyah District, Mandi Bahauddin District, Mianwali District, Muzaffargarh District, Narowal District, Rahim Yar Khan District, Rajanpur District, Sahiwal District, Sheikhupura District, Sialkot District, Toba Tek Singh District, Vehari District districts (Punjab province), Dadu District, Ghotki District, Hyderabad District, Jacobabad District, Khairpur District, Larkana District, Mirpur Khas District, Naushahro Feroze District, Nawabshah District, Shikarpur District, Sukkur District districts (Sindh province)",462763.09,Hydrological,1500000.0,2013-08-07
80,United States of America,Americas,"Missouri, Kansas, Tennessee, Arkansas, Oklahoma provinces",123143.44,Hydrological,25000.0,2013-08-05
81,Russian Federation,Europe,"Zeya district (Amurskaya Oblast province) ; Yevreyskaya A. Oblast, Khabarovskiy Kray province",102479.27,Hydrological,1000000.0,2013-08-01
82,Sudan,Africa,"Khartoum, Southern Darfur, Northern Darfur, Nile, Blue Nile, Southern Kordofan, Al Jazeera, Sennar, White Nile, Kassala, Northern Kordofan, Gadaref, Northern; Red Sea provinces",645399.78,Hydrological,7000.0,2013-08-01
83,United States of America,Americas,"San Antonio town (Bexar district, Texas province)",33907.85,Hydrological,2000.0,2013-05-25
84,United States of America,Americas,"Iowa, Michigan, Minnesota, Wisconsin provinces",493136.77,Hydrological,325000.0,2013-04-22
85,Romania,Europe,"Galati, Braila, Tulcea provinces",7171.0,Hydrological,11000.0,2013-09-11
86,United States of America,Americas,"Lafayette, Lyons, Longmont towns (Boulder district, Colorado province), Larimer, El Paso, Broomfield districts (Colorado province), New Mexico province",100404.0,Hydrological,1900000.0,2013-09-12
87,Cambodia,Asia,"Battambang, Banteay Meanchey, Kampong Cham, Prey Veng, Kandal, Siem Reap, Kratie, Kampong Thom, Otdar Meanchey, Stung Treng, Pursat, Kampong Chhnang, Ratanak Kiri, Preah Vihear, Svay Rieng, Phnom Penh, Takeo, Pailin, Kampot provinces",52283.0,Hydrological,500000.0,2013-09-24
88,Thailand,Asia,"Ang Thong, Chachoengsao, Chainat, Chanthaburi, Chian Rai, Nahkon Nayok, Nakhon Ratchasima, Nakhon Sawan, Pathum Thani, Prachinburi, Phangnga, Phetchaburi, Phichit, Phitsanulok, Phra Nakhon Si Ayudhya, Prachuap Khilikhan, Sa Kaeo, Sakon Nakhon, Si Saket, Surin, Tak, Ubon Ratchathani provinces",312091.0,Hydrological,482000.0,2013-09-30
89,Italy,Europe,"Olbia, Arzachena cities (Sassari district, Sardegna province)",15699.0,Hydrological,780000.0,2013-11-18
90,Viet Nam,Asia,"Quang Ngai, Binh Dinh, Quang Nam, Da Nang City, Phu Yen, Gia Lai, Kon Tum provinces",48985.0,Hydrological,72000.0,2013-11-14
91,Saint Vincent and the Grenadines,Americas,"Pembroke, Vermont, Buccament Bay villages (Saint Andrew province), Spring Village village (Saint Patrick province), Sandy Bay, Byera, Orange Hill villages (Charlotte province), Kingstown town (Saint George province), Saint David province",830.23,Hydrological,108000.0,2013-12-23
92,Malaysia,Asia,"Kuala Lumpur, Pahang, Terengganu, Johor, Kelantan provinces",106697.53,Hydrological,2000.0,2013-12-01
93,Indonesia,Asia,Kota Tebingtinggi district (Sumatera Utara province),22524.63,Hydrological,2000.0,2013-12-28
94,United Kingdom of Great Britain and Northern Ireland,Europe,"Oxford city (Oxfordshire district), Devon city (Devonshire district) (England province) ; Wales, Scotland provinces",126149.79,Hydrological,1500000.0,2013-12-27
95,Indonesia,Asia,"Tangerang district (Banten province), Dki Jakarta province",35769.22,Hydrological,600000.0,2014-01-08
96,Burundi,Africa,"Kinyinya, Kijaga villages (Mutumbuzi district, Bujumbura Rural province), Kamenge, Kinama, Buterere, Ngagara, Kanyosha districts (Bujumbura Mairie province)",3237.42,Hydrological,2000.0,2014-02-19
97,Solomon Islands,Oceania,"Honiara, Guadalcanal, Makira, Malaita, Isabel Islands areas",5480.75,Hydrological,24000.0,2014-04-01
98,South Africa,Africa,"Gauteng, KwaZulu-Natal, Limpopo, Mpumalanga, North West provinces",1037639.2,Hydrological,85000.0,2014-03-01
99,Iran (Islamic Republic of),Asia,"Khorasan, Mazandaran, Semnan, Golestan provinces",305525.0,Hydrological,49000.0,2014-06-01
100,Afghanistan,Asia,Guzargah-e-Nur district (Baghlan province),44203.0,Hydrological,3000.0,2014-06-03
101,Russian Federation,Europe,"Altayskiy Kray, Altay Rep., Tyva Rep., Khakasiya Rep., Adygeya Rep. provinces",1829701.0,Hydrological,8000.0,2014-05-29
102,Bulgaria,Europe,"Varna, Dobrich, Velkiko Tarnovo, Burgas, Montana, Kustendil, Plovdiv, Haskovo, Jambol, Sofia, Sofia-city provinces",24415.0,Hydrological,377000.0,2014-06-19
103,India,Asia,Assam province,49220.0,Hydrological,2000.0,2014-06-26
104,Philippines,Asia,"Maguindanao, Shariff Kabunsuan districts (ARMM province)",15356.0,Hydrological,791.0,2014-06-13
105,Italy,Europe,"Senigallia, Chiaravalle towns (Ancona district, Marche province)",11256.0,Hydrological,120000.0,2014-05-02
106,China,Asia,"Fujian Sheng, Jiangxi Sheng, Hunan Sheng, Guangdong Sheng, Sichuan Sheng, Guangxi Zhuangzu Zizhiqu, Guizhou Sheng provinces",387775.13,Hydrological,487000.0,2014-08-11
107,Pakistan,Asia,"Sialkot, Narowal, Lahore, Gujranwala, Mandi Bahauddin, Gujrat, Hafizabad, Jhelum, Jhang, Sargodha, Okara, Attock districts (Punjab province), Jammu and Kashmir provinces",253686.0,Hydrological,2000000.0,2014-09-01
108,China,Asia,"Sichuan Sheng, Guizhou Sheng, Chongqing Shi provinces",55272.31,Hydrological,570000.0,2014-09-01
109,Thailand,Asia,"Sukhothai, Phra Nakhon Si Ayudhya provinces",334449.25,Hydrological,10000.0,2014-09-01
110,Bulgaria,Europe,"Burgas, Primorsko districts (Burgas province), Lovetch district (Lovetch province), Harmanli, Simeongrad, Dimitrovgrad districts (Haskovo province) Radnevo, Galabovo districts (Stara Zagora province), Mizija district (Vratca province)",7804.0,Hydrological,10000.0,2014-09-04
111,India,Asia,"Tura village (West Garo Hills district, Meghalaya province), Goalpara, Kamrup districts (Assam province)",61894.97,Hydrological,163000.0,2014-09-24
112,France,Europe,"Argeles city (Pyrénées-Orientales district, Languedoc-Rousillon province); Pyrénées-Orientales, Aude, Gar districts (Languedoc-Rousillon province), Var district (Provence-Alpes-Cote-d'Azur province)",123269.0,Hydrological,303000.0,2014-11-29
113,Colombia,Americas,Choco province,406009.0,Hydrological,8000.0,2014-11-01
114,Malawi,Africa,"Nsanje, Chikwawa, Phalombe, Blantyre, Zomba, Thyolo, Mulanje, Chiradzulu, Machinga, Mangochi, Balaka districts (Southern Region province), Ntcheu, Salima, Lilongwe districts (Central Region province), Karonga, Rumphi districts (Northern Region province)",485939.4,Hydrological,390000.0,2015-01-01
115,Chile,Americas,"Atacama, Antofagasta, Coquimbo provinces",154773.2,Hydrological,1500000.0,2015-03-25
116,India,Asia,"Chadoora village (72811 district, Jammu and Kashmir province)",70287.98,Hydrological,76000.0,2015-03-20
117,Pakistan,Asia,"Peshawar district, North-West Frontier province",21148.0,Hydrological,1000.0,2015-04-26
118,New Zealand,Oceania,Wellington province,7484.0,Hydrological,100000.0,2015-05-13
119,United States of America,Americas,"Texas, Oklahoma, Colorado, Arkansas, Kansas, Louisiana, Georgia, Ohio, South Carolina",849464.6,Hydrological,2700000.0,2015-05-23
120,Ghana,Africa,"Accra Metropolis, Ledzokuku / Krowor, La Nkwantanang Madina, La Dade Kotopon, Shai Osu Doku, Kpone Katamanso, Ningo Prampram, Ada West, Ada East districts (Greater Accra province)",266950.1,Hydrological,12000.0,2015-06-02
121,Georgia,Asia,"Vake and Saburtalo boroughs (Tbilissi district, Tbilisi province)",13022.99,Hydrological,23000.0,2015-06-07
122,India,Asia,"Amreli, Rajkot, Surat districts (Gujarat province), Maharashtra province",43781.56,Hydrological,604000.0,2015-06-19
123,New Zealand,Oceania,"Horowhenua, Manawatu, Rangitikei, Whanganui areas (Wanganui-manawatu province), Taranaki province",8948.6,Hydrological,171000.0,2015-06-22
124,Viet Nam,Asia,Quang Ninh province,24336.74,Hydrological,204000.0,2015-07-25
125,Myanmar,Asia,"Mandalay, Rakhine, Chin, Sagaing, Kachin, Kayin, Shan (E), Magway, Mon, Ayeyarwady, Bago (West) provinces",26424.0,Hydrological,119000.0,2015-07-15
126,North Macedonia,Europe,"Sipkotvitsa, Dzepciste district (Tetovo province); Mala Rechitsa, Golema Rechitsa, Poroj villages, Tetovo city (Tetovo district, Tetovo province)",5957.41,Hydrological,87000.0,2015-08-03
127,Nigeria,Africa,"Kano, Katsina, Sokoto, Kebbi, Zamfara, Kaduna, Jigawa, Adamawa, Yobe, Gombe, Bauchi, Anambra, Benue, Delta, Niger, Ondo, Taraba provinces",186816.02,Hydrological,25000.0,2015-09-05
128,France,Europe,"Cote d'Azur region (Alpes-maritimes, Var districts, Provence-Alpes-Cote-d'Azur province)",2895.95,Hydrological,924000.0,2015-10-03
129,India,Asia,"Chittoor, Cuddapah, Prakasam, Nellore districts (Andhra Pradesh province), Chennai, Cuddalore, Nagapattinam, Kancheepuram, Thiruvallur, Villupuram districts (Tamil Nadu province), Puducherry province",93202.05,Hydrological,2200000.0,2015-11-08
130,Ecuador,Americas,"Guayas, Bolívar, Esmeraldas, Cotopaxi, Los Ríos, Manabí, Imbabura, Santo Domingo de los Tsáchilas, El Oro provinces",69541.98,Hydrological,10000.0,2016-01-01
131,Brazil,Americas,"Arapongas, Rolândia, Londrina districts (Parana province), Sao Paulo province, Aquidauana, Miranda, Dois Irmãos do Buriti, Taquarussu districts (Mato Grosso do Sul province)",110514.83,Hydrological,100000.0,2016-01-09
132,Indonesia,Asia,"Dharmasraya, Kota Payakumbuh, Kota Solok, Limapuluhkoto, Kota Pasaman, Solok, Solok Selatan, Sawahlunto/sijunjung districts (Sumatera Barat province), Bangka Tengah, Bangka Selatan, Bangka Barat, Kota Pangkalpinang districts (Bangka Belitung province), Kampar, Rokanhulu districts (Riau province), Aceh Besar, Aceh Utara, Pidie (Nangroe Aceh Darussalam province)",235818.78,Hydrological,2000.0,2016-02-07
133,China,Asia,"Jiangxi Sheng, Hunan Sheng, Guangdong Sheng, Guangxi Zhuangzu Zizhiqu, Guizhou Sheng provinces",383223.81,Hydrological,170000.0,2016-03-19
134,New Zealand,Oceania,"Riwaka city (Administrative unit not available district, Nelson-marlborough province), Administrative unit not available district (Westland province) ",39333.76,Hydrological,25000.0,2016-03-23
135,Uruguay,Americas,"All departments Artigas, Canelones, Cerro Largo, Colonia, Durazno, Flores, Florida, Lavalleja, Montevideo, Paysandu, Rio Negro, Rivera, Rocha, Salto, San Jose, Soriano (Dolores, Cadol, Barrio Paris, Centro and Altos de Dolores), Tacuarembo, Treinta Y Tres provinces ",126653.11,Hydrological,3000.0,2016-04-12
136,Russian Federation,Europe,"Vologodskaya Oblast, Tyumenskaya Oblast, Sverdlovskaya Oblast provinces",1834048.3,Hydrological,2000.0,2016-04-16
137,India,Asia,"Arunachal Pradesh, Assam, Nagaland provinces",70517.68,Hydrological,150000.0,2016-04-22
138,Germany,Europe,"Simbach am Inn, Triften, Tann, Regen cities (Niederbayern district, Bayern province)",91554.92,Hydrological,2000000.0,2016-05-31
139,China,Asia,"Jiangsu Sheng, Zhejiang Sheng, Anhui Sheng, Jiangxi Sheng, Gansu Sheng, Shaanxi Sheng, Qinghai Sheng, Hubei Sheng, Guangxi Zhuangzu Zizhiqu, Chongqing Shi, Sichuan Sheng, Guizhou Sheng, Yunnan Sheng, Hunan, Fujian provinces",197079.53,Hydrological,3000000.0,2016-06-18
140,India,Asia,"Chamoli, Pithoragahr districts (Uttarakhand province), Assam, Arunachal Pradesh provinces",135742.3,Hydrological,100000.0,2016-06-25
141,China,Asia,"Jiangsu, Anhui, Jiangxi, Henan, Hubei, Hunan, Guangxi, Chogqing, Sichuan, Guizhou, Yunnan",720844.3,Hydrological,22000000.0,2016-06-28
142,Bangladesh,Asia,"Kurigram, Bogra, Sirajganj, Gaibandha, Tangail, Jamalpur, Nilphamari, Lalmonirhat, Sunamganj, Faridpur, Kustia,Madaripur, Manikganj, Rajbari, Rangpur, Sariatpur districts",45667.11,Hydrological,150000.0,2016-07-19
143,United States of America,Americas,"Louisiana, Mississippi, Missouri, Illinois, Indiana; Allamakee, Clayton, Fayette, Howard, Winneshiek counties (Iowa)",19554.02,Hydrological,10000000.0,2016-08-09
144,Mexico,Americas,Durango city,22329.12,Hydrological,25000.0,2016-09-29
145,Greece,Europe,"Kalamata, Thessaloniki cities (Peloponnesse)",20422.01,Hydrological,56000.0,2016-09-05
146,Indonesia,Asia,"Garut, Sumedang districts (Jawa Barat)",32276.01,Hydrological,22000.0,2016-09-20
147,Thailand,Asia,"Nakhon Sawan province, Ayutthaya (Phra Nakhon Si Ayudhya province)",17187.43,Hydrological,120000.0,2016-10-06
148,India,Asia,"Andhra Pradesh province, Telangana",137435.4,Hydrological,589000.0,2016-09-21
149,Viet Nam,Asia,"Quang Binh (Minh Hoa, Tuyen Hoa), Ha Tinh (Huong Khe), Nghe An, Quang Tri (Vinh Linh, Hai Lang, Trieu Phong), Thua Thien Hue provinces",63641.54,Hydrological,104280.0,2016-10-09
150,Australia,Oceania,"Victoria, South Australia provinces",634200.41,Hydrological,25000.0,2016-09-10
151,Thailand,Asia,"Nakhon Si Thammarat, Krabi, Surat Thani, Songkhla, Phatthalung, Pattani, Chumphon, Trang, Yala, Narathiwat provinces",67395.39,Hydrological,25000.0,2016-12-01
152,Viet Nam,Asia,"Thua Thien - Hue, Quang Nam, Quang Ngai, Binh Dinh provinces",44341.22,Hydrological,35000.0,2016-12-12
153,Malaysia,Asia,"Bachok, Gua Musang, Jeli, Kota Bahru, Machang, Pasir Mas, Pasir Puteh, Tanah Merah, Tumpat, Kuala Krai districts (Kelantan state); Besut, Setiu, Hulu Terengganu, Marang, Dungun, Kemaman (Terengganu state); Kuala Kangsar (Perak state); Pahang; Johor; Sabah; Selangor",43580.48,Hydrological,132000.0,2016-12-26
154,Thailand,Asia,"Pattani, Yala, Narathiwat, Songkhla, Phattalung, Trang, Nakhon Si Thammarat, Krabi, Surat Thani, Chumphon, Prachaub Khirikhan, Ranong provinces ",50020.11,Hydrological,1000000.0,2017-01-01
155,Peru,Americas,"Ancash department (Huarmey, Casma, El Santa provinces); Tumbes department (Zarumilla and Tumbes provinces); Lima department (Lima, Huarochirí and Canta provinces), La Libertad department (Trujillo province), Chiclayo department (Chiclayo province), Piura department (Piura province)",810942.34,Hydrological,3100000.0,2017-03-15
156,Iran (Islamic Republic of),Asia,"Azerbaijane-Gharbi (west), Azerbaijane-Sharghi (east), Kordestan, Zanjan, Mazandaran, Ardebil",40807.87,Hydrological,353000.0,2017-04-15
157,Angola,Africa,Luanda province,24002.58,Hydrological,2000.0,2017-03-21
158,Canada,Americas,"Ottawa (Cumberland, Constance Bay,Fitzroy Harbour, Dunrobin, Britannia, West Carleton-March, MacLarens Landing), Champlain Township (Prescott and Russell), Lanark (Ontario); Montreal, Gatineau, Laval (Quebec); Thompson Nicola (Cache Creek, Lower Nicola Indian Band) Columbia Shushwap (Tappen), Central Okanagan (Kelowna, West Kelowna, Lake country, Fintry Delta),North Okanogan (Lumby), Okanagan Similkameen (Garnett Valley,Summerland), Kootenay Boundary (Grand Forks) (British Colombia); Canadian Maritimes; York, Sunburry (Fredericton, Maugerville), Queens (Jemseg) (New Brunswick) ; Cape Breton Island (Nova Scotia)",79149.2,Hydrological,200000.0,2017-05-05
159,Taiwan (Province of China),Asia,"New Taipei City (Bali, Shimen Districts), Yunlin County, Taichung City, Changhua County, Nantou County, and Chiayi County; Kaohsiung City, Nantou County, Chiayi County, Tainan City",16445.9,Hydrological,28100.0,2017-05-31
160,Brazil,Americas,"Pernambuco (Caruaru, Ipojuca, Joaquim Nabuco, Jurema, Lagoa dos Gatos, Primavera, Quipapá, Sirinhaém, Tamandaré, Xexéu, Belém de Maria, Gameleira, Palmares, Amaraji, Maraial, Ribeirão, Cortês, Barra de Guabiraba, São Benedito do Sul, Rio Formoso, Catende, Água Preta, Jaqueira, Barreiros), Alagoas (Metropolitan Region, Paraiba Valley, Mundau Valley, North Coast, Grota de Santo Amaro, Callejón de la Anastácia, Riacho Velho, Carrasco, Piedras, Malhadas, Barra Nova, Playa Francés, Sitio Auxiliadora, Macéio, Atalaia, São Luis do Quitunde, Satuba, União dos Palmares, Capela, Chã Preta, Colônia Leopoldina, Jacuípe, Jundiá, Marechal Deodoro, Paulo Jacinto, Pilar, Quebrangulo, Rio Largo, Santa Luzia do Norte, Santana do Mundaú, São José da Laje, Branquinha, Cajueiro, Palmeira dos índios, Pedoca)",266010.35,Hydrological,100000.0,2017-05-26
161,New Zealand,Oceania,"North Coast, North Island. From Auckland to Wellington, Titirangi, Kohimarama , Manawatu-Wanganui Region, Whanganui, Rangitikei, Whakat?ne districts, Bay of Plenty, Edgecumbe city, Minginui, Ruat?huna, Te Wh?iti and R??toki communities",23530.76,Hydrological,71000.0,2017-04-05
162,Nepal,Asia,"Lalitpur, Palpa, Jhapa, Morang, Sunsari, Saptari, Bardia, Dang,Banke, Sirha, Sarlai, Bara, Sindhuli, Panchhthar, Rasuwa, Rupendehi, Baglung, Nawalparasi, Kailali, Kalikot, Doti, Dhading, Ramechhap, Syangia, Parbat, Pyuthan, Kaski, Terathum, Dolakha districts",64676.5,Hydrological,595000.0,2017-08-10
163,Niger,Africa,"Agadez, Diffa, Dosso, Maradi, Niamey, Tahoua, Tillabery,Zinder",184437.33,Hydrological,10000.0,2017-08-26
164,China,Asia,"Loess Plateau, Southern Shaanxi (Xianyang, Hanzhong, Ankang), western Hubei (Suizhou and Guangshui cities), southern Sichuan, northern portions of Chongqing (Kaizhou, Yunyang)",283444.21,Hydrological,361000.0,2017-09-24
165,Thailand,Asia,"Central plains provinces- Bangkok, Chai Nat, Pathum Thani, Lop Buri, Kamphaeng Phet, Sing Buri, Ang Thong, Ayutthaya, Nakhon Sawan, Tak, and Pichit, Khon Kaen, Sukhothai, Uthai Thani, Suphan Buri, Nong Bua Lam Phu, Maha Sarakham, Kalasin, Roi Et, Ubon Ratchathani provinces",101670.34,Hydrological,1400.0,2017-10-10
166,Albania,Europe,"Fushë- Krujë, Ura e Gjoles (Fushë- Krujë), Murqine (Bubq), Vore, Kamez, Laprake (Tirane), Darzeze (Pishaj), Jaru, Bishtan (Novosele), Ferras (Frakull), Kashisht (Cakran), Martin, Novosele, Bishan, Mifol (Novosele), Fitore (Miras), Ure Vajgurore, Korce, Gjirokaster, Kashar, Marikaj (Vore), Laknas (Kamez), Bardhaj (Rrethinat), Roskovec, Dropoll",10463.39,Hydrological,8900.0,2017-11-30
167,Italy,Europe,"Emilia Romagna (between Sorbolo and Boretto (Parma, Reggio Emilia), Lentigione village, Brescello, Colorno), Tuscany (Lucca)",27560.36,Hydrological,125000.0,2017-12-11
168,France,Europe,Ile-de-France ,72015.73,Hydrological,372000.0,2018-01-24
169,Brazil,Americas,Rio de Janeiro,55138.95,Hydrological,10000.0,2018-02-14
170,Brazil,Americas,Sao Paulo,131278.34,Hydrological,43000.0,2018-03-20
171,Australia,Oceania,"Ingham, Halifax, Innisfail (Northern Queensland)",105583.27,Hydrological,11400.0,2018-03-09
172,Rwanda,Africa,"Gasabo district (Kigali); Rulindo district (Northern province), Gatsibo (Eastern province);",14768.05,Hydrological,11000.0,2018-04-23
173,Japan,Asia,"Kochi, Gifu,Nagano prefectures, Tokushima; Okayama, Hiroshima; Chugoku, Kansai, Kyushu regions",109672.31,Hydrological,9500000.0,2018-06-29
174,Democratic People's Republic of Korea,Asia,"Pyongsan, Kumchon, Jangpung, Kaesong counties (North Hwanghae); Haeju, Taetan, Siwon, Pongchon, Changdan counties (South Hwanghae)",25734.39,Hydrological,25000.0,2018-08-24
175,Spain,Europe,"Majorque, Catalonia, Tarragona, Baleras, Andalusia, Malaga",2882.25,Hydrological,150000.0,2018-10-09
176,Nigeria,Africa,"Kogi, Delta, Anambra, Niger",257477.37,Hydrological,275000.0,2018-09-20
177,Iran (Islamic Republic of),Asia,"Gilan, Mazandaran, Golestan, North Khorasan, Isfahan, Yazd provinces",340197.41,Hydrological,166000.0,2018-10-05
178,Spain,Europe,Asturies,6802.0,Hydrological,58000.0,2019-01-22
179,Libya,Africa,Ghat municipality,151026.83,Hydrological,7100.0,2019-05-28
180,Russian Federation,Europe,"Taishetsky, Nizhneudinsky, Tulunsky and Chunsky districts (Irkutsk Oblast; south-east Siberian Federal District)",413323.05,Hydrological,460000.0,2019-06-28
181,Japan,Asia,"Fukuoka, Nagasaki, Takeo City, Saga Prefecture (Kyushu Island)",10883.12,Hydrological,100000.0,2019-08-27
182,Spain,Europe,"Valencia, Alicante, Murcia, Albacete, eastern Andalucía, Balearic Islands",9114.7,Hydrological,2500000.0,2019-09-11
183,Indonesia,Asia,"Labuhanbatu Utara districts (North Sumatra); Saling,Talang Datuk, Talang Tinggi and Lunjuk sub-districts (Bengkulu province); Jakarta, Bekasi, Bogor, Depok in West Java district; Banten Province",24986.75,Hydrological,1200000.0,2019-12-31
184,Brazil,Americas,"Alfredo Chaves, Iconha Municipalities (Espirito Santo State); Minas Gerais state; Rio de Janeiro",115219.89,Hydrological,300000.0,2020-01-17
185,Egypt,Africa,"Cairo, Giza, Monufia, Sharkeia, South Sinai, Red Sea, Beni Suef, Faiyum, Ismailia",22124.19,Hydrological,76000.0,2020-03-11
186,Kenya,Africa,"West Pokot, Elgeyo Marakwet, Kisumu, Homabay, Tana River, Garissa, Kilifi, Kirinyaga, Siaya, Kakamega, Bomet, Nairobi counties",154389.9,Hydrological,10000.0,2020-04-18
187,Yemen,Asia,"Aden, Lahj, Taiz, Ad Dali’, Abyan, Hadramawt governorates",18949.28,Hydrological,10000.0,2020-04-15
188,Ukraine,Europe,"Verkhovyna District (Ivano-Frankivsk); Vyzhnytskyi District (Chernivtsi); Zakarpattya, Lviv, Temopil ",33791.16,Hydrological,153861.0,2020-06-22
189,Japan,Asia,"Kumamoto Prefecture, Yatsushiro, and Hitoyoshi cities (Kyushu Region)",28547.82,Hydrological,5800000.0,2020-06-29
190,Germany,Europe,"Berchtesgaden (Bavaria); Heilbronn (Baden-Württemberg); Saxony, Saxony-Anhalt; Ahrweiler, Euskirchen, Rhein-Sieg, Heinsberg, Köln (Rheinland-Pfalz); Märkischer Kreis, Düsseldorf, Solingen, Unna, Rhein-Erf (Nordrhein-Westfalen); Hessen, Thüringen,",8488.83,Hydrological,40000000.0,2021-07-12
191,France,Europe,"Pas-de-Calais Department, Hauts-de-France Region",30.0,Hydrological,1650000.0,2023-11-06
